--
-- PostgreSQL database dump
--

\restrict wQtR56ddycM5jGgJQcHnT2zQsldJnWit2jP3bLAWySiDM3rDe8WXQ2KfbH5UgbF

-- Dumped from database version 14.20 (Homebrew)
-- Dumped by pg_dump version 14.20 (Homebrew)

SET statement_timeout = 0;
SET lock_timeout = 0;
SET idle_in_transaction_session_timeout = 0;
SET client_encoding = 'UTF8';
SET standard_conforming_strings = on;
SELECT pg_catalog.set_config('search_path', '', false);
SET check_function_bodies = false;
SET xmloption = content;
SET client_min_messages = warning;
SET row_security = off;

SET default_tablespace = '';

SET default_table_access_method = heap;

--
-- Name: auth_group; Type: TABLE; Schema: public; Owner: -
--

CREATE TABLE public.auth_group (
    id integer NOT NULL,
    name character varying(150) NOT NULL
);


--
-- Name: auth_group_id_seq; Type: SEQUENCE; Schema: public; Owner: -
--

ALTER TABLE public.auth_group ALTER COLUMN id ADD GENERATED BY DEFAULT AS IDENTITY (
    SEQUENCE NAME public.auth_group_id_seq
    START WITH 1
    INCREMENT BY 1
    NO MINVALUE
    NO MAXVALUE
    CACHE 1
);


--
-- Name: auth_group_permissions; Type: TABLE; Schema: public; Owner: -
--

CREATE TABLE public.auth_group_permissions (
    id bigint NOT NULL,
    group_id integer NOT NULL,
    permission_id integer NOT NULL
);


--
-- Name: auth_group_permissions_id_seq; Type: SEQUENCE; Schema: public; Owner: -
--

ALTER TABLE public.auth_group_permissions ALTER COLUMN id ADD GENERATED BY DEFAULT AS IDENTITY (
    SEQUENCE NAME public.auth_group_permissions_id_seq
    START WITH 1
    INCREMENT BY 1
    NO MINVALUE
    NO MAXVALUE
    CACHE 1
);


--
-- Name: auth_permission; Type: TABLE; Schema: public; Owner: -
--

CREATE TABLE public.auth_permission (
    id integer NOT NULL,
    name character varying(255) NOT NULL,
    content_type_id integer NOT NULL,
    codename character varying(100) NOT NULL
);


--
-- Name: auth_permission_id_seq; Type: SEQUENCE; Schema: public; Owner: -
--

ALTER TABLE public.auth_permission ALTER COLUMN id ADD GENERATED BY DEFAULT AS IDENTITY (
    SEQUENCE NAME public.auth_permission_id_seq
    START WITH 1
    INCREMENT BY 1
    NO MINVALUE
    NO MAXVALUE
    CACHE 1
);


--
-- Name: auth_user; Type: TABLE; Schema: public; Owner: -
--

CREATE TABLE public.auth_user (
    id bigint NOT NULL,
    password character varying(128) NOT NULL,
    last_login timestamp with time zone,
    is_superuser boolean NOT NULL,
    first_name character varying(150) NOT NULL,
    last_name character varying(150) NOT NULL,
    email character varying(254) NOT NULL,
    is_staff boolean NOT NULL,
    is_active boolean NOT NULL,
    date_joined timestamp with time zone NOT NULL,
    username character varying(30) NOT NULL
);


--
-- Name: auth_user_groups; Type: TABLE; Schema: public; Owner: -
--

CREATE TABLE public.auth_user_groups (
    id bigint NOT NULL,
    customuser_id bigint NOT NULL,
    group_id integer NOT NULL
);


--
-- Name: auth_user_groups_id_seq; Type: SEQUENCE; Schema: public; Owner: -
--

ALTER TABLE public.auth_user_groups ALTER COLUMN id ADD GENERATED BY DEFAULT AS IDENTITY (
    SEQUENCE NAME public.auth_user_groups_id_seq
    START WITH 1
    INCREMENT BY 1
    NO MINVALUE
    NO MAXVALUE
    CACHE 1
);


--
-- Name: auth_user_id_seq; Type: SEQUENCE; Schema: public; Owner: -
--

ALTER TABLE public.auth_user ALTER COLUMN id ADD GENERATED BY DEFAULT AS IDENTITY (
    SEQUENCE NAME public.auth_user_id_seq
    START WITH 1
    INCREMENT BY 1
    NO MINVALUE
    NO MAXVALUE
    CACHE 1
);


--
-- Name: auth_user_user_permissions; Type: TABLE; Schema: public; Owner: -
--

CREATE TABLE public.auth_user_user_permissions (
    id bigint NOT NULL,
    customuser_id bigint NOT NULL,
    permission_id integer NOT NULL
);


--
-- Name: auth_user_user_permissions_id_seq; Type: SEQUENCE; Schema: public; Owner: -
--

ALTER TABLE public.auth_user_user_permissions ALTER COLUMN id ADD GENERATED BY DEFAULT AS IDENTITY (
    SEQUENCE NAME public.auth_user_user_permissions_id_seq
    START WITH 1
    INCREMENT BY 1
    NO MINVALUE
    NO MAXVALUE
    CACHE 1
);


--
-- Name: authtoken_token; Type: TABLE; Schema: public; Owner: -
--

CREATE TABLE public.authtoken_token (
    key character varying(40) NOT NULL,
    created timestamp with time zone NOT NULL,
    user_id bigint NOT NULL
);


--
-- Name: core_client; Type: TABLE; Schema: public; Owner: -
--

CREATE TABLE public.core_client (
    id bigint NOT NULL,
    created_at timestamp with time zone NOT NULL,
    updated_at timestamp with time zone NOT NULL,
    name character varying(200) NOT NULL,
    code character varying(50),
    referred_by character varying(200),
    is_company_client boolean NOT NULL,
    user_id bigint,
    pending_balance bigint NOT NULL
);


--
-- Name: core_client_id_seq; Type: SEQUENCE; Schema: public; Owner: -
--

ALTER TABLE public.core_client ALTER COLUMN id ADD GENERATED BY DEFAULT AS IDENTITY (
    SEQUENCE NAME public.core_client_id_seq
    START WITH 1
    INCREMENT BY 1
    NO MINVALUE
    NO MAXVALUE
    CACHE 1
);


--
-- Name: core_clientexchangeaccount; Type: TABLE; Schema: public; Owner: -
--

CREATE TABLE public.core_clientexchangeaccount (
    id bigint NOT NULL,
    created_at timestamp with time zone NOT NULL,
    updated_at timestamp with time zone NOT NULL,
    funding bigint NOT NULL,
    exchange_balance bigint NOT NULL,
    my_percentage numeric(5,2) NOT NULL,
    client_id bigint NOT NULL,
    exchange_id bigint NOT NULL,
    loss_share_percentage numeric(5,2) NOT NULL,
    profit_share_percentage numeric(5,2) NOT NULL,
    locked_initial_final_share bigint,
    locked_initial_pnl bigint,
    locked_share_percentage numeric(5,2),
    cycle_start_date timestamp with time zone,
    locked_initial_funding bigint,
    pending_balance bigint NOT NULL,
    total_share_amount bigint NOT NULL,
    company_share_amount bigint NOT NULL,
    company_percentage numeric(5,2) NOT NULL,
    my_own_percentage numeric(5,2) NOT NULL
);


--
-- Name: core_clientexchangeaccount_id_seq; Type: SEQUENCE; Schema: public; Owner: -
--

ALTER TABLE public.core_clientexchangeaccount ALTER COLUMN id ADD GENERATED BY DEFAULT AS IDENTITY (
    SEQUENCE NAME public.core_clientexchangeaccount_id_seq
    START WITH 1
    INCREMENT BY 1
    NO MINVALUE
    NO MAXVALUE
    CACHE 1
);


--
-- Name: core_emailotp; Type: TABLE; Schema: public; Owner: -
--

CREATE TABLE public.core_emailotp (
    id bigint NOT NULL,
    created_at timestamp with time zone NOT NULL,
    updated_at timestamp with time zone NOT NULL,
    email character varying(254) NOT NULL,
    username character varying(150) NOT NULL,
    otp_code character varying(6) NOT NULL,
    is_verified boolean NOT NULL,
    expires_at timestamp with time zone NOT NULL
);


--
-- Name: core_emailotp_id_seq; Type: SEQUENCE; Schema: public; Owner: -
--

ALTER TABLE public.core_emailotp ALTER COLUMN id ADD GENERATED BY DEFAULT AS IDENTITY (
    SEQUENCE NAME public.core_emailotp_id_seq
    START WITH 1
    INCREMENT BY 1
    NO MINVALUE
    NO MAXVALUE
    CACHE 1
);


--
-- Name: core_exchange; Type: TABLE; Schema: public; Owner: -
--

CREATE TABLE public.core_exchange (
    id bigint NOT NULL,
    created_at timestamp with time zone NOT NULL,
    updated_at timestamp with time zone NOT NULL,
    name character varying(200) NOT NULL,
    code character varying(50),
    version_name character varying(100)
);


--
-- Name: core_exchange_id_seq; Type: SEQUENCE; Schema: public; Owner: -
--

ALTER TABLE public.core_exchange ALTER COLUMN id ADD GENERATED BY DEFAULT AS IDENTITY (
    SEQUENCE NAME public.core_exchange_id_seq
    START WITH 1
    INCREMENT BY 1
    NO MINVALUE
    NO MAXVALUE
    CACHE 1
);


--
-- Name: core_mobilelog; Type: TABLE; Schema: public; Owner: -
--

CREATE TABLE public.core_mobilelog (
    id bigint NOT NULL,
    created_at timestamp with time zone NOT NULL,
    updated_at timestamp with time zone NOT NULL,
    level character varying(10) NOT NULL,
    tag character varying(100) NOT NULL,
    message text NOT NULL,
    device_info character varying(200) NOT NULL,
    app_version character varying(50) NOT NULL,
    stack_trace text NOT NULL,
    extra_data jsonb NOT NULL,
    user_id bigint
);


--
-- Name: core_mobilelog_id_seq; Type: SEQUENCE; Schema: public; Owner: -
--

ALTER TABLE public.core_mobilelog ALTER COLUMN id ADD GENERATED BY DEFAULT AS IDENTITY (
    SEQUENCE NAME public.core_mobilelog_id_seq
    START WITH 1
    INCREMENT BY 1
    NO MINVALUE
    NO MAXVALUE
    CACHE 1
);


--
-- Name: core_pendingpaymenttransaction; Type: TABLE; Schema: public; Owner: -
--

CREATE TABLE public.core_pendingpaymenttransaction (
    id bigint NOT NULL,
    created_at timestamp with time zone NOT NULL,
    updated_at timestamp with time zone NOT NULL,
    date timestamp with time zone NOT NULL,
    type character varying(10) NOT NULL,
    amount bigint NOT NULL,
    notes text,
    client_id bigint NOT NULL,
    created_by_id bigint,
    client_exchange_id bigint
);


--
-- Name: core_pendingpaymenttransaction_id_seq; Type: SEQUENCE; Schema: public; Owner: -
--

ALTER TABLE public.core_pendingpaymenttransaction ALTER COLUMN id ADD GENERATED BY DEFAULT AS IDENTITY (
    SEQUENCE NAME public.core_pendingpaymenttransaction_id_seq
    START WITH 1
    INCREMENT BY 1
    NO MINVALUE
    NO MAXVALUE
    CACHE 1
);


--
-- Name: core_settlement; Type: TABLE; Schema: public; Owner: -
--

CREATE TABLE public.core_settlement (
    id bigint NOT NULL,
    created_at timestamp with time zone NOT NULL,
    updated_at timestamp with time zone NOT NULL,
    amount bigint NOT NULL,
    date timestamp with time zone NOT NULL,
    notes text,
    client_exchange_id bigint NOT NULL
);


--
-- Name: core_settlement_id_seq; Type: SEQUENCE; Schema: public; Owner: -
--

ALTER TABLE public.core_settlement ALTER COLUMN id ADD GENERATED BY DEFAULT AS IDENTITY (
    SEQUENCE NAME public.core_settlement_id_seq
    START WITH 1
    INCREMENT BY 1
    NO MINVALUE
    NO MAXVALUE
    CACHE 1
);


--
-- Name: core_transaction; Type: TABLE; Schema: public; Owner: -
--

CREATE TABLE public.core_transaction (
    id bigint NOT NULL,
    created_at timestamp with time zone NOT NULL,
    updated_at timestamp with time zone NOT NULL,
    date timestamp with time zone NOT NULL,
    type character varying(20) NOT NULL,
    amount bigint NOT NULL,
    exchange_balance_after bigint,
    notes text,
    client_exchange_id bigint NOT NULL,
    exchange_balance_before bigint,
    funding_after bigint,
    funding_before bigint,
    sequence_no integer NOT NULL,
    CONSTRAINT core_transaction_type_check CHECK (((type)::text = ANY ((ARRAY['FUNDING_MANUAL'::character varying, 'FUNDING_AUTO'::character varying, 'TRADE'::character varying, 'SETTLEMENT_SHARE'::character varying, 'FEE'::character varying, 'ADJUSTMENT'::character varying, 'UPDATE_BALANCE'::character varying, 'FUNDING'::character varying, 'RECORD_PAYMENT'::character varying])::text[])))
);


--
-- Name: core_transaction_id_seq; Type: SEQUENCE; Schema: public; Owner: -
--

ALTER TABLE public.core_transaction ALTER COLUMN id ADD GENERATED BY DEFAULT AS IDENTITY (
    SEQUENCE NAME public.core_transaction_id_seq
    START WITH 1
    INCREMENT BY 1
    NO MINVALUE
    NO MAXVALUE
    CACHE 1
);


--
-- Name: django_admin_log; Type: TABLE; Schema: public; Owner: -
--

CREATE TABLE public.django_admin_log (
    id integer NOT NULL,
    action_time timestamp with time zone NOT NULL,
    object_id text,
    object_repr character varying(200) NOT NULL,
    action_flag smallint NOT NULL,
    change_message text NOT NULL,
    content_type_id integer,
    user_id bigint NOT NULL,
    CONSTRAINT django_admin_log_action_flag_check CHECK ((action_flag >= 0))
);


--
-- Name: django_admin_log_id_seq; Type: SEQUENCE; Schema: public; Owner: -
--

ALTER TABLE public.django_admin_log ALTER COLUMN id ADD GENERATED BY DEFAULT AS IDENTITY (
    SEQUENCE NAME public.django_admin_log_id_seq
    START WITH 1
    INCREMENT BY 1
    NO MINVALUE
    NO MAXVALUE
    CACHE 1
);


--
-- Name: django_content_type; Type: TABLE; Schema: public; Owner: -
--

CREATE TABLE public.django_content_type (
    id integer NOT NULL,
    app_label character varying(100) NOT NULL,
    model character varying(100) NOT NULL
);


--
-- Name: django_content_type_id_seq; Type: SEQUENCE; Schema: public; Owner: -
--

ALTER TABLE public.django_content_type ALTER COLUMN id ADD GENERATED BY DEFAULT AS IDENTITY (
    SEQUENCE NAME public.django_content_type_id_seq
    START WITH 1
    INCREMENT BY 1
    NO MINVALUE
    NO MAXVALUE
    CACHE 1
);


--
-- Name: django_migrations; Type: TABLE; Schema: public; Owner: -
--

CREATE TABLE public.django_migrations (
    id bigint NOT NULL,
    app character varying(255) NOT NULL,
    name character varying(255) NOT NULL,
    applied timestamp with time zone NOT NULL
);


--
-- Name: django_migrations_id_seq; Type: SEQUENCE; Schema: public; Owner: -
--

ALTER TABLE public.django_migrations ALTER COLUMN id ADD GENERATED BY DEFAULT AS IDENTITY (
    SEQUENCE NAME public.django_migrations_id_seq
    START WITH 1
    INCREMENT BY 1
    NO MINVALUE
    NO MAXVALUE
    CACHE 1
);


--
-- Name: django_session; Type: TABLE; Schema: public; Owner: -
--

CREATE TABLE public.django_session (
    session_key character varying(40) NOT NULL,
    session_data text NOT NULL,
    expire_date timestamp with time zone NOT NULL
);


--
-- Data for Name: auth_group; Type: TABLE DATA; Schema: public; Owner: -
--

COPY public.auth_group (id, name) FROM stdin;
\.


--
-- Data for Name: auth_group_permissions; Type: TABLE DATA; Schema: public; Owner: -
--

COPY public.auth_group_permissions (id, group_id, permission_id) FROM stdin;
\.


--
-- Data for Name: auth_permission; Type: TABLE DATA; Schema: public; Owner: -
--

COPY public.auth_permission (id, name, content_type_id, codename) FROM stdin;
1	Can add log entry	1	add_logentry
2	Can change log entry	1	change_logentry
3	Can delete log entry	1	delete_logentry
4	Can view log entry	1	view_logentry
5	Can add permission	2	add_permission
6	Can change permission	2	change_permission
7	Can delete permission	2	delete_permission
8	Can view permission	2	view_permission
9	Can add group	3	add_group
10	Can change group	3	change_group
11	Can delete group	3	delete_group
12	Can view group	3	view_group
13	Can add content type	4	add_contenttype
14	Can change content type	4	change_contenttype
15	Can delete content type	4	delete_contenttype
16	Can view content type	4	view_contenttype
17	Can add session	5	add_session
18	Can change session	5	change_session
19	Can delete session	5	delete_session
20	Can view session	5	view_session
21	Can add Token	6	add_token
22	Can change Token	6	change_token
23	Can delete Token	6	delete_token
24	Can view Token	6	view_token
25	Can add token	7	add_tokenproxy
26	Can change token	7	change_tokenproxy
27	Can delete token	7	delete_tokenproxy
28	Can view token	7	view_tokenproxy
29	Can add user	8	add_customuser
30	Can change user	8	change_customuser
31	Can delete user	8	delete_customuser
32	Can view user	8	view_customuser
33	Can add client	9	add_client
34	Can change client	9	change_client
35	Can delete client	9	delete_client
36	Can view client	9	view_client
37	Can add client exchange account	10	add_clientexchangeaccount
38	Can change client exchange account	10	change_clientexchangeaccount
39	Can delete client exchange account	10	delete_clientexchangeaccount
40	Can view client exchange account	10	view_clientexchangeaccount
41	Can add exchange	11	add_exchange
42	Can change exchange	11	change_exchange
43	Can delete exchange	11	delete_exchange
44	Can view exchange	11	view_exchange
45	Can add transaction	12	add_transaction
46	Can change transaction	12	change_transaction
47	Can delete transaction	12	delete_transaction
48	Can view transaction	12	view_transaction
49	Can add Report Configuration	13	add_clientexchangereportconfig
50	Can change Report Configuration	13	change_clientexchangereportconfig
51	Can delete Report Configuration	13	delete_clientexchangereportconfig
52	Can view Report Configuration	13	view_clientexchangereportconfig
53	Can add settlement	14	add_settlement
54	Can change settlement	14	change_settlement
55	Can delete settlement	14	delete_settlement
56	Can view settlement	14	view_settlement
57	Can add email otp	15	add_emailotp
58	Can change email otp	15	change_emailotp
59	Can delete email otp	15	delete_emailotp
60	Can view email otp	15	view_emailotp
61	Can add mobile log	16	add_mobilelog
62	Can change mobile log	16	change_mobilelog
63	Can delete mobile log	16	delete_mobilelog
64	Can view mobile log	16	view_mobilelog
65	Can add pending payment transaction	17	add_pendingpaymenttransaction
66	Can change pending payment transaction	17	change_pendingpaymenttransaction
67	Can delete pending payment transaction	17	delete_pendingpaymenttransaction
68	Can view pending payment transaction	17	view_pendingpaymenttransaction
\.


--
-- Data for Name: auth_user; Type: TABLE DATA; Schema: public; Owner: -
--

COPY public.auth_user (id, password, last_login, is_superuser, first_name, last_name, email, is_staff, is_active, date_joined, username) FROM stdin;
2	pbkdf2_sha256$600000$cagUudAbsRNNZRbt3T7Qlk$+IoEo9DLXZ0ZApwbMKMb/iHUjDYHjRRO+k3xAKMXS6k=	\N	f			test@example.com	f	t	2026-02-09 19:17:04.357606+05:30	testuser
3	pbkdf2_sha256$600000$eo89WR3DmvC355gwZar3u5$JlRdByiTQLnwsShL5wBkGmE9QGUjXaZnufTV6rsgnKI=	\N	f			9182351381@example.com	f	t	2026-02-10 11:44:23.548528+05:30	9182351381
1	pbkdf2_sha256$600000$pjloUWQhOnrnh1zINqCWa8$2wf+z5cbJOh4KZs31mWWny4ftRf9CjCGOpary+8MsAo=	2026-02-12 21:15:33.528305+05:30	t			admin@example.com	t	t	2026-02-09 19:17:01.168951+05:30	admin
4	pbkdf2_sha256$600000$lj2NulGX3wWUj7LsVoJM9M$urU1ia7sNneOJ9vapV0WtfvlcGMFPLAZChNM/Lw3UEo=	2026-03-06 14:44:32.205895+05:30	t			muktesh@example.com	t	t	2026-02-11 02:35:52.621147+05:30	muktesh
\.


--
-- Data for Name: auth_user_groups; Type: TABLE DATA; Schema: public; Owner: -
--

COPY public.auth_user_groups (id, customuser_id, group_id) FROM stdin;
\.


--
-- Data for Name: auth_user_user_permissions; Type: TABLE DATA; Schema: public; Owner: -
--

COPY public.auth_user_user_permissions (id, customuser_id, permission_id) FROM stdin;
\.


--
-- Data for Name: authtoken_token; Type: TABLE DATA; Schema: public; Owner: -
--

COPY public.authtoken_token (key, created, user_id) FROM stdin;
0386e453190b30e847c247c76e436dc59b76c430	2026-02-11 02:35:01.847969+05:30	1
3a2fdee6d3e6c741ceb3cd33d3172deaae419414	2026-02-11 02:36:18.867565+05:30	4
\.


--
-- Data for Name: core_client; Type: TABLE DATA; Schema: public; Owner: -
--

COPY public.core_client (id, created_at, updated_at, name, code, referred_by, is_company_client, user_id, pending_balance) FROM stdin;
5	2026-02-12 21:16:25.438019+05:30	2026-02-12 21:16:25.438039+05:30	Svs	svs77	\N	f	1	1200
26	2026-03-06 14:45:19.213788+05:30	2026-03-06 14:45:19.213804+05:30	a1	\N	\N	f	4	0
\.


--
-- Data for Name: core_clientexchangeaccount; Type: TABLE DATA; Schema: public; Owner: -
--

COPY public.core_clientexchangeaccount (id, created_at, updated_at, funding, exchange_balance, my_percentage, client_id, exchange_id, loss_share_percentage, profit_share_percentage, locked_initial_final_share, locked_initial_pnl, locked_share_percentage, cycle_start_date, locked_initial_funding, pending_balance, total_share_amount, company_share_amount, company_percentage, my_own_percentage) FROM stdin;
6	2026-02-12 21:16:45.905817+05:30	2026-03-04 01:51:03.553954+05:30	100000	100000	12.00	5	1	12.00	12.00	\N	\N	\N	\N	\N	1200	0	0	11.50	0.50
\.


--
-- Data for Name: core_emailotp; Type: TABLE DATA; Schema: public; Owner: -
--

COPY public.core_emailotp (id, created_at, updated_at, email, username, otp_code, is_verified, expires_at) FROM stdin;
\.


--
-- Data for Name: core_exchange; Type: TABLE DATA; Schema: public; Owner: -
--

COPY public.core_exchange (id, created_at, updated_at, name, code, version_name) FROM stdin;
1	2026-02-11 02:36:29.278624+05:30	2026-02-11 02:36:29.27864+05:30	diamond	\N	\N
2	2026-03-02 01:07:35.678394+05:30	2026-03-02 01:07:35.678414+05:30	dafa	\N	\N
\.


--
-- Data for Name: core_mobilelog; Type: TABLE DATA; Schema: public; Owner: -
--

COPY public.core_mobilelog (id, created_at, updated_at, level, tag, message, device_info, app_version, stack_trace, extra_data, user_id) FROM stdin;
\.


--
-- Data for Name: core_pendingpaymenttransaction; Type: TABLE DATA; Schema: public; Owner: -
--

COPY public.core_pendingpaymenttransaction (id, created_at, updated_at, date, type, amount, notes, client_id, created_by_id, client_exchange_id) FROM stdin;
9	2026-02-12 21:18:57.233702+05:30	2026-02-12 21:18:57.233718+05:30	2026-02-12 17:30:00+05:30	GIVEN	1000		5	1	\N
10	2026-02-12 21:30:42.559823+05:30	2026-02-12 21:30:42.559839+05:30	2026-02-12 17:30:00+05:30	GIVEN	1200		5	1	\N
11	2026-02-12 21:31:07.742434+05:30	2026-02-12 21:31:07.742514+05:30	2026-02-12 17:30:00+05:30	RECEIVED	2200		5	1	\N
\.


--
-- Data for Name: core_settlement; Type: TABLE DATA; Schema: public; Owner: -
--

COPY public.core_settlement (id, created_at, updated_at, amount, date, notes, client_exchange_id) FROM stdin;
27	2026-03-04 01:51:03.550737+05:30	2026-03-04 01:51:03.550741+05:30	1200	2026-03-04 01:51:03.550649+05:30	Dues generated (Client Payments) - not a real payment	6
\.


--
-- Data for Name: core_transaction; Type: TABLE DATA; Schema: public; Owner: -
--

COPY public.core_transaction (id, created_at, updated_at, date, type, amount, exchange_balance_after, notes, client_exchange_id, exchange_balance_before, funding_after, funding_before, sequence_no) FROM stdin;
1	2026-02-12 21:17:10.141245+05:30	2026-02-12 21:17:10.141268+05:30	2026-02-12 21:17:10.135328+05:30	FUNDING_MANUAL	100000	100000	Manual funding added: 100000	6	0	100000	0	1
4	2026-02-12 21:29:11.156288+05:30	2026-02-12 21:29:11.15631+05:30	2026-02-12 21:29:11.153658+05:30	TRADE	10000	90000	TRADE: Balance updated 100000 → 90000 (-10000)	6	100000	100000	100000	2
91	2026-03-04 01:51:03.552889+05:30	2026-03-04 01:51:03.552893+05:30	2026-03-04 01:51:03.551138+05:30	RECORD_PAYMENT	1200	90000	Dues generated (not paid). Masked Capital: 10000. Linked Settlement ID: 27	6	90000	90000	100000	3
92	2026-03-04 01:51:03.555411+05:30	2026-03-04 01:51:03.555415+05:30	2026-03-04 01:51:03.55472+05:30	FUNDING_AUTO	10000	100000	Auto Re-Funding after dues generation (Settlement ID: 27). Amount: 10000 (Masked Capital)	6	90000	100000	90000	4
\.


--
-- Data for Name: django_admin_log; Type: TABLE DATA; Schema: public; Owner: -
--

COPY public.django_admin_log (id, action_time, object_id, object_repr, action_flag, change_message, content_type_id, user_id) FROM stdin;
\.


--
-- Data for Name: django_content_type; Type: TABLE DATA; Schema: public; Owner: -
--

COPY public.django_content_type (id, app_label, model) FROM stdin;
1	admin	logentry
2	auth	permission
3	auth	group
4	contenttypes	contenttype
5	sessions	session
6	authtoken	token
7	authtoken	tokenproxy
8	core	customuser
9	core	client
10	core	clientexchangeaccount
11	core	exchange
12	core	transaction
13	core	clientexchangereportconfig
14	core	settlement
15	core	emailotp
16	core	mobilelog
17	core	pendingpaymenttransaction
\.


--
-- Data for Name: django_migrations; Type: TABLE DATA; Schema: public; Owner: -
--

COPY public.django_migrations (id, app, name, applied) FROM stdin;
1	contenttypes	0001_initial	2026-02-09 12:30:51.20633+05:30
2	contenttypes	0002_remove_content_type_name	2026-02-09 12:30:51.210512+05:30
3	auth	0001_initial	2026-02-09 12:30:51.237099+05:30
4	auth	0002_alter_permission_name_max_length	2026-02-09 12:30:51.240231+05:30
5	auth	0003_alter_user_email_max_length	2026-02-09 12:30:51.243647+05:30
6	auth	0004_alter_user_username_opts	2026-02-09 12:30:51.246726+05:30
7	auth	0005_alter_user_last_login_null	2026-02-09 12:30:51.249609+05:30
8	auth	0006_require_contenttypes_0002	2026-02-09 12:30:51.251078+05:30
9	auth	0007_alter_validators_add_error_messages	2026-02-09 12:30:51.253867+05:30
10	auth	0008_alter_user_username_max_length	2026-02-09 12:30:51.257348+05:30
11	auth	0009_alter_user_last_name_max_length	2026-02-09 12:30:51.260212+05:30
12	auth	0010_alter_group_name_max_length	2026-02-09 12:30:51.263935+05:30
13	auth	0011_update_proxy_permissions	2026-02-09 12:30:51.266957+05:30
14	auth	0012_alter_user_first_name_max_length	2026-02-09 12:30:51.269828+05:30
15	core	0001_initial	2026-02-09 12:30:51.336455+05:30
16	admin	0001_initial	2026-02-09 12:30:51.347563+05:30
17	admin	0002_logentry_remove_auto_add	2026-02-09 12:30:51.351323+05:30
18	admin	0003_logentry_add_action_flag_choices	2026-02-09 12:30:51.355238+05:30
19	authtoken	0001_initial	2026-02-09 12:30:51.36554+05:30
20	authtoken	0002_auto_20160226_1747	2026-02-09 12:30:51.378377+05:30
21	authtoken	0003_tokenproxy	2026-02-09 12:30:51.380332+05:30
22	core	0002_alter_transaction_type	2026-02-09 12:30:51.383708+05:30
23	core	0003_alter_transaction_type	2026-02-09 12:30:51.38717+05:30
24	core	0004_add_masked_share_settlement_fields	2026-02-09 12:30:51.409484+05:30
25	core	0005_clientexchangeaccount_locked_initial_final_share_and_more	2026-02-09 12:30:51.422412+05:30
26	core	0006_add_cycle_start_date	2026-02-09 12:30:51.428339+05:30
27	core	0007_add_locked_initial_funding	2026-02-09 12:30:51.434078+05:30
28	core	0008_enforce_exchange_name_uniqueness	2026-02-09 12:30:51.438134+05:30
29	core	0009_add_transaction_audit_fields	2026-02-09 12:30:51.464691+05:30
30	core	0010_emailotp	2026-02-09 12:30:51.474461+05:30
31	core	0011_customuser	2026-02-09 12:30:51.47696+05:30
32	core	0012_add_decimal_support_to_percentages	2026-02-09 12:30:51.532846+05:30
33	core	0013_add_version_name_to_exchange	2026-02-09 12:30:51.543811+05:30
34	core	0014_mobilelog_alter_transaction_options_and_more	2026-02-09 12:30:51.592651+05:30
35	core	0015_add_user_field_to_client	2026-02-09 12:30:51.594412+05:30
36	core	0016_add_mobilelog_user_index	2026-02-09 12:30:51.59646+05:30
37	sessions	0001_initial	2026-02-09 12:30:51.602525+05:30
38	core	0017_update_transaction_type_constraint	2026-02-10 13:57:31.948599+05:30
39	core	0018_alter_clientexchangeaccount_unique_together	2026-02-10 13:57:31.981472+05:30
40	core	0019_alter_transaction_type	2026-02-11 02:04:10.318829+05:30
41	core	0020_update_transaction_type_constraint_v2	2026-02-11 02:05:02.526727+05:30
42	core	0021_add_pending_payments_system	2026-02-11 09:55:25.003506+05:30
43	core	0022_link_pending_payments_to_exchange_account	2026-03-03 14:03:42.390629+05:30
44	core	0023_decimal_share_percentages	2026-03-04 03:38:16.859179+05:30
45	core	0024_store_share_amounts	2026-03-04 10:51:27.490517+05:30
46	core	0025_store_company_percentages_on_account	2026-03-04 11:05:59.822813+05:30
47	core	0026_alter_clientexchangeaccount_locked_share_percentage_and_more	2026-03-04 12:12:24.453038+05:30
\.


--
-- Data for Name: django_session; Type: TABLE DATA; Schema: public; Owner: -
--

COPY public.django_session (session_key, session_data, expire_date) FROM stdin;
7olf2tyj7qk1bp0iwbinchhhjon70uhz	e30:1vxWVN:R8XogJKrPld3E_K4bI-4k1pcNCA8bRRYBipyQ7BxxZ4	2026-03-04 03:08:09.479975+05:30
ds5a4b1rylfwy55s6aobiwers0bwjlqd	.eJxVjEEOwiAQRe_C2hAKAxSX7j0DmWFAqoYmpV0Z765NutDtf-_9l4i4rTVuPS9xYnEWIE6_G2F65LYDvmO7zTLNbV0mkrsiD9rldeb8vBzu30HFXr-1YlPySAA6K9LWAFvUthD4AuzCSMHpYL0pBcnh4FljUoBFKzJDUka8P-gqN_A:1vqFHw:ysF04SFza_X8FfGS5vfx3u5iMsed6ZIUdhibnds6_G0	2026-02-12 01:20:12.623833+05:30
tvjfbuymd962fwcdtrzornum67k4chkm	e30:1vxXc8:2c-jro6GMeT6_VOy1NnJwPoYHFTUMsix4YHArbSJlRs	2026-03-04 04:19:12.267964+05:30
3vpb47hj3vq4ntsr5lbnfqwn2ftij0n8	e30:1vxf7C:blkJ-HTDAjYsUHkZCj81fOj7EfywfMzr5zReQqzPzjo	2026-03-04 12:19:46.362363+05:30
34blxspolm9671r0h3htjezr7zulw9bs	e30:1vxf8a:9H6KuGvxueDzbTe_uPeyp39vYJzkaUWAHjaEnjBqSD4	2026-03-04 12:21:12.779136+05:30
v4mwv3jbq7p9u2vetdi7tbjjlm1qfynb	e30:1vxfiZ:hevWwrqRurZ0DK9pKJ9pha5oSypjJ-TxA8-N4IonXNs	2026-03-04 12:58:23.925606+05:30
nln5vby712q62y345f4ty7m5z9h7klbv	.eJxVjEEOwiAQRe_C2hAKAxSX7j0DmWFAqoYmpV0Z765NutDtf-_9l4i4rTVuPS9xYnEWIE6_G2F65LYDvmO7zTLNbV0mkrsiD9rldeb8vBzu30HFXr-1YlPySAA6K9LWAFvUthD4AuzCSMHpYL0pBcnh4FljUoBFKzJDUka8P-gqN_A:1vwyNA:G-ZgGrLl1kWit4iPxDMknQIkE4_nhl3G4Qoly-HZPbA	2026-03-02 14:41:24.93815+05:30
2xlqsuk8rekxs7o1yd2x47o84we5wmdb	.eJxVjDsOwjAQBe_iGln-fyjpOYNl725wANlSnFSIu0OkFNC-mXkvlvK21rQNWtKM7MwkO_1uJcOD2g7wntutc-htXebCd4UfdPBrR3peDvfvoOZRv3VR6BWIoJwTVhrhotEYfCyog_YmWO1JeBdQGOVgipPNShayEYAwGsveH6cYNso:1vpS9G:gkXG6fiiV0WNfBRsil3Eh67GhDOwYFNmJeL5l1F-KTw	2026-02-09 20:51:58.779771+05:30
snfchoxnm2fx2xdz7ocbtze6zuwfv0rc	e30:1vxgHf:wFW4Pcs5TQyFHEm0j_6ude32I20G15R9kaTHga4hHO8	2026-03-04 13:34:39.289281+05:30
96hixiyxr46du0r4dgdhhvo4e10tte8m	.eJxVjDsOwjAQBe_iGln-fyjpOYNl725wANlSnFSIu0OkFNC-mXkvlvK21rQNWtKM7MwkO_1uJcOD2g7wntutc-htXebCd4UfdPBrR3peDvfvoOZRv3VR6BWIoJwTVhrhotEYfCyog_YmWO1JeBdQGOVgipPNShayEYAwGsveH6cYNso:1vpTOq:juvfHwbwwaK1JY9QAfSZpVJYN_v_AKCjZVavKxJpwZY	2026-02-09 22:12:08.624733+05:30
0g9qqg0unpxixvbga6mtixifzpyjc2xc	.eJxVjDsOwjAQBe_iGln-fyjpOYNl725wANlSnFSIu0OkFNC-mXkvlvK21rQNWtKM7MwkO_1uJcOD2g7wntutc-htXebCd4UfdPBrR3peDvfvoOZRv3VR6BWIoJwTVhrhotEYfCyog_YmWO1JeBdQGOVgipPNShayEYAwGsveH6cYNso:1vpTOt:agyMC4KeHUTriRU7YKnGPwY0pA5Is3tLd8uqftgxGaQ	2026-02-09 22:12:11.983553+05:30
v9nsrcicij4lp4w1padd1cv8teni1il1	.eJxVjMsOwiAUBf-FtSGUNy7d-w0EuLcWJdRQujDGf7dNutDtmTnzJj6sffLrgs1nIGcykNPvFkN6YN0B3EO9zTTNtbcc6a7Qgy70OgOWy-H-BaawTNs7cjA8Mcu1ZmqQTDspwBoXQVhhpFXCIDPaApNcp9GNKvAhonIpITiptmgqGWv3_fVEP-bSsW3dUAr5fAH1x0B2:1vqZFw:jbU71FNcU9xaeAsVwS-lP4Wv5MticLRbuwbh51_0qlA	2026-02-12 22:39:28.292918+05:30
d33ia3p4qyygb7lmeddi5tm8fsa752th	.eJxVjDsOwjAQBe_iGlmOP_lQ0nMGa9e7JgbLQYlTIMTdSaQU0L6ZN2_hYa2jXxeefSJxFlacfjeE8OCyA7pDuU0yTKXOCeWuyIMu8joR58vh_gVGWMbtrchE7tFazQq1M5YcaBfRdtFSO_Q4tHpwnYkRsIWmIw1BWYhaoWmCMls05MSl-vp6so8pV563LuQsPl9V6kGc:1vq71W:IoQfyORl4xx3ihLcuhsDbVGgcvPGGT8gi2i1ZCawbvg	2026-02-11 16:30:42.328697+05:30
z7f0zexhg803xv9vmdl0f2wq3cnlyx79	.eJxVjEEOwiAQRe_C2hAKAxSX7j0DmWFAqoYmpV0Z765NutDtf-_9l4i4rTVuPS9xYnEWIE6_G2F65LYDvmO7zTLNbV0mkrsiD9rldeb8vBzu30HFXr-1YlPySAA6K9LWAFvUthD4AuzCSMHpYL0pBcnh4FljUoBFKzJDUka8P-gqN_A:1vqS8R:St4nFGx_NmitawjPecs-dmUX8p6PYJ0e6ZGON2Kzhpk	2026-02-12 15:03:15.31854+05:30
nlsj934sjd2mryae8caqvbc0rg9lex0d	.eJxVjDsOwjAQBe_iGlmOP_lQ0nMGa9e7JgbLQYlTIMTdSaQU0L6ZN2_hYa2jXxeefSJxFlacfjeE8OCyA7pDuU0yTKXOCeWuyIMu8joR58vh_gVGWMbtrchE7tFazQq1M5YcaBfRdtFSO_Q4tHpwnYkRsIWmIw1BWYhaoWmCMls05MSl-vp6so8pV563LuQsPl9V6kGc:1vq1PA:xGBPPV8IbRl8dlDHXlLI7jRBdQ50LEvGXGZxGgmnoKo	2026-02-11 10:30:44.716994+05:30
1tw4qq3zuh0w0fxlns6kogpwqi9tlcr3	.eJxVjEEOwiAQRe_C2hAKAxSX7j0DmWFAqoYmpV0Z765NutDtf-_9l4i4rTVuPS9xYnEWIE6_G2F65LYDvmO7zTLNbV0mkrsiD9rldeb8vBzu30HFXr-1YlPySAA6K9LWAFvUthD4AuzCSMHpYL0pBcnh4FljUoBFKzJDUka8P-gqN_A:1vqEWs:WjatSjGWoVwMGYMmC19hxbtDJSUucbgDc10sROubRDU	2026-02-12 00:31:34.287438+05:30
t7q25t54oc6s8wtoaxl5uk02xlrnzib1	.eJxVjEEOwiAQRe_C2hAKAxSX7j0DmWFAqoYmpV0Z765NutDtf-_9l4i4rTVuPS9xYnEWIE6_G2F65LYDvmO7zTLNbV0mkrsiD9rldeb8vBzu30HFXr-1YlPySAA6K9LWAFvUthD4AuzCSMHpYL0pBcnh4FljUoBFKzJDUka8P-gqN_A:1vqTE1:ZZKkK-CPGYDJMDP38IhfdhVuuR_Kgh-MqCZRsouQ82M	2026-02-12 16:13:05.747838+05:30
o78mwvyugvq7mb1uz3nimzgexregnjkf	e30:1vxWEp:MtjIzwfBQLXx6hLhwOIXjfdTtsJAw9E7pPkLMuOzGak	2026-03-04 02:51:03.541554+05:30
bpkjrbbq4fy2bu8zf2bg0wqr34ku3p96	e30:1vxWH3:BrkL_IZGQNPhQqlb03nB1dAN1vQPEEVP2oNdyO1DNBc	2026-03-04 02:53:21.773408+05:30
c99dro1856qka30fvkbovv8umae18ce1	.eJxVjDsOwjAQBe_iGlmOP_lQ0nMGa9e7JgbLQYlTIMTdSaQU0L6ZN2_hYa2jXxeefSJxFlacfjeE8OCyA7pDuU0yTKXOCeWuyIMu8joR58vh_gVGWMbtrchE7tFazQq1M5YcaBfRdtFSO_Q4tHpwnYkRsIWmIw1BWYhaoWmCMls05MSl-vp6so8pV563LuQsPl9V6kGc:1vxJlE:CXRpF4YlcJDQrWw3Ef5zi8lyqfJRzvpWD548fwiJegI	2026-03-03 13:31:40.682658+05:30
e87i0hjq5h0kkvqtemkilspxzvmrsjtx	.eJxVjEEOwiAQRe_C2hAKAxSX7j0DmWFAqoYmpV0Z765NutDtf-_9l4i4rTVuPS9xYnEWIE6_G2F65LYDvmO7zTLNbV0mkrsiD9rldeb8vBzu30HFXr-1YlPySAA6K9LWAFvUthD4AuzCSMHpYL0pBcnh4FljUoBFKzJDUka8P-gqN_A:1vq4NL:HXD_75FdrnUSBvJ9SQPnFSetZJuUL7cIiYUbvRb-lTY	2026-02-11 13:41:03.569642+05:30
hjf7o8v6ncsghj5dvoanrevozjkgjeok	.eJxVjDsOwjAQBe_iGlmOP_lQ0nMGa9e7JgbLQYlTIMTdSaQU0L6ZN2_hYa2jXxeefSJxFlacfjeE8OCyA7pDuU0yTKXOCeWuyIMu8joR58vh_gVGWMbtrchE7tFazQq1M5YcaBfRdtFSO_Q4tHpwnYkRsIWmIw1BWYhaoWmCMls05MSl-vp6so8pV563LuQsPl9V6kGc:1vxMv9:feUJBDEYaQBNBlSKzqyjA9tb-v9CUwA1NsVJkgfujCg	2026-03-03 16:54:07.128673+05:30
dimjpngy4a18v1m43kxje1af3rna67rg	.eJxVjEEOwiAQRe_C2hAKAxSX7j0DmWFAqoYmpV0Z765NutDtf-_9l4i4rTVuPS9xYnEWIE6_G2F65LYDvmO7zTLNbV0mkrsiD9rldeb8vBzu30HFXr-1YlPySAA6K9LWAFvUthD4AuzCSMHpYL0pBcnh4FljUoBFKzJDUka8P-gqN_A:1vqEgA:SwF-sLpb0yVm0aUTWUQbN3poBuXTlJBb3ROuoiRVz8A	2026-02-12 00:41:10.050604+05:30
9oi591tj5n5di4m3cts399nkqw4gapg0	.eJxVjEEOwiAQRe_C2hAKAxSX7j0DmWFAqoYmpV0Z765NutDtf-_9l4i4rTVuPS9xYnEWIE6_G2F65LYDvmO7zTLNbV0mkrsiD9rldeb8vBzu30HFXr-1YlPySAA6K9LWAFvUthD4AuzCSMHpYL0pBcnh4FljUoBFKzJDUka8P-gqN_A:1vqUKo:aZKEgTsQA-f9wLbZiEqFRdajR7ghJ4DqJApWR31ojl4	2026-02-12 17:24:10.067516+05:30
50nxv0rozj98hust78rj62ms3v7sn14y	.eJxVjDsOwjAQBe_iGlmOP_lQ0nMGa9e7JgbLQYlTIMTdSaQU0L6ZN2_hYa2jXxeefSJxFlacfjeE8OCyA7pDuU0yTKXOCeWuyIMu8joR58vh_gVGWMbtrchE7tFazQq1M5YcaBfRdtFSO_Q4tHpwnYkRsIWmIw1BWYhaoWmCMls05MSl-vp6so8pV563LuQsPl9V6kGc:1vwzgW:91vqxIwv1LtN5B6CPOI9PHw8u8khA97rxRXHsXsHO44	2026-03-02 16:05:28.868102+05:30
svmx0lo2cgzszeoekpnbvur397ymu21g	.eJxVjDsOwjAQBe_iGlmOP_lQ0nMGa9e7JgbLQYlTIMTdSaQU0L6ZN2_hYa2jXxeefSJxFlacfjeE8OCyA7pDuU0yTKXOCeWuyIMu8joR58vh_gVGWMbtrchE7tFazQq1M5YcaBfRdtFSO_Q4tHpwnYkRsIWmIw1BWYhaoWmCMls05MSl-vp6so8pV563LuQsPl9V6kGc:1vxNf2:quk-dK5-wC57bGFpjzNOsdrlAbHZxT4wyNyLrnz-nnI	2026-03-03 17:41:32.351469+05:30
fke7ktkpl7gg9uvh622e16m7tqf7rvvg	.eJxVjDsOwjAQBe_iGlmOP_lQ0nMGa9e7JgbLQYlTIMTdSaQU0L6ZN2_hYa2jXxeefSJxFlacfjeE8OCyA7pDuU0yTKXOCeWuyIMu8joR58vh_gVGWMbtrchE7tFazQq1M5YcaBfRdtFSO_Q4tHpwnYkRsIWmIw1BWYhaoWmCMls05MSl-vp6so8pV563LuQsPl9V6kGc:1vwmeM:xjsiKFjEg6Fj7xuDp7Xd8ECQ6NbSrnH_6WXrJg4Whvg	2026-03-02 02:10:22.725223+05:30
gw5y48seyncq6uds1vqoebpsx5tsf1z7	.eJxVjDsOwjAQBe_iGlmOP_lQ0nMGa9e7JgbLQYlTIMTdSaQU0L6ZN2_hYa2jXxeefSJxFlacfjeE8OCyA7pDuU0yTKXOCeWuyIMu8joR58vh_gVGWMbtrchE7tFazQq1M5YcaBfRdtFSO_Q4tHpwnYkRsIWmIw1BWYhaoWmCMls05MSl-vp6so8pV563LuQsPl9V6kGc:1vwyKR:61NO9mUl6tQHMUeyXovATAkYMO276CtsSNyhe7XKp5E	2026-03-02 14:38:35.342899+05:30
s748552h3hi2w8r1n33ndihxnpvlx804	.eJxVjDsOwjAQBe_iGlmOP_lQ0nMGa9e7JgbLQYlTIMTdSaQU0L6ZN2_hYa2jXxeefSJxFlacfjeE8OCyA7pDuU0yTKXOCeWuyIMu8joR58vh_gVGWMbtrchE7tFazQq1M5YcaBfRdtFSO_Q4tHpwnYkRsIWmIw1BWYhaoWmCMls05MSl-vp6so8pV563LuQsPl9V6kGc:1vxRcQ:WfLr-_hLCtzrbbtJUFCdKBa1QyQ_Tb1Q1Z6kx4MmTHo	2026-03-03 21:55:06.530305+05:30
vohjhcddh7cbn7t0aefqi86szbdnhqo2	.eJxVjEEOwiAQRe_C2hAKAxSX7j0DmWFAqoYmpV0Z765NutDtf-_9l4i4rTVuPS9xYnEWIE6_G2F65LYDvmO7zTLNbV0mkrsiD9rldeb8vBzu30HFXr-1YlPySAA6K9LWAFvUthD4AuzCSMHpYL0pBcnh4FljUoBFKzJDUka8P-gqN_A:1vwnd9:3Txu-PSeoA_RqrgS3RQYX9TfkzrRI8pwU3J7vhPA4wQ	2026-03-02 03:13:11.861175+05:30
dx2chgcd19rtyng6kejcoj8yxinay3r5	.eJxVjDsOwjAQBe_iGlmOP_lQ0nMGa9e7JgbLQYlTIMTdSaQU0L6ZN2_hYa2jXxeefSJxFlacfjeE8OCyA7pDuU0yTKXOCeWuyIMu8joR58vh_gVGWMbtrchE7tFazQq1M5YcaBfRdtFSO_Q4tHpwnYkRsIWmIw1BWYhaoWmCMls05MSl-vp6so8pV563LuQsPl9V6kGc:1vxnDF:X8eHyMzZjoocvc3C75UeUqU5LoaalwVFZUl9fYEkqFA	2026-03-04 20:58:33.623756+05:30
xgomtzojszsk17wrx0vgg50b8frx7quf	e30:1vyPVG:_RpikSmJFREOOBDUvgAHzHFgviUqBg9MboTvbcvCMRc	2026-03-06 13:51:42.928986+05:30
14uax2illyuw0gwkiqc475336l2oxxi3	e30:1vxhT6:FqkChzGUCp-kjzcIHEnDspxD82RAElArrQu2Kv8gF3M	2026-03-04 14:50:32.485527+05:30
lvnf9gnihjpindrpnxtmsh4qjbc3mgo0	.eJxVjDsOwjAQBe_iGlmOP_lQ0nMGa9e7JgbLQYlTIMTdSaQU0L6ZN2_hYa2jXxeefSJxFlacfjeE8OCyA7pDuU0yTKXOCeWuyIMu8joR58vh_gVGWMbtrchE7tFazQq1M5YcaBfRdtFSO_Q4tHpwnYkRsIWmIw1BWYhaoWmCMls05MSl-vp6so8pV563LuQsPl9V6kGc:1vxhTl:8PdPPd4GZNQhQ2Cje-hnOjXe9mb1BssqFrtwBUdPb7g	2026-03-04 14:51:13.495089+05:30
ax7xav0hhbagy9aponv9xdf2c1rjdtic	e30:1vy4RR:LqOiEXaOCK0IpTqdmMgoDFS78ulmrM7PP57eu9biXeI	2026-03-05 15:22:21.094388+05:30
zycst2wzdbv02kqv1x48n651v7sw7ow2	.eJxVjEEOwiAQRe_C2hAKAxSX7j0DmWFAqoYmpV0Z765NutDtf-_9l4i4rTVuPS9xYnEWIE6_G2F65LYDvmO7zTLNbV0mkrsiD9rldeb8vBzu30HFXr-1YlPySAA6K9LWAFvUthD4AuzCSMHpYL0pBcnh4FljUoBFKzJDUka8P-gqN_A:1vxjhL:pnrg63QrSGWP5MTMwKNft739Mip3hTvkW6CWRrSrtT8	2026-03-04 17:13:23.739917+05:30
zug6aiyx2w9lp5s4dimafwhx85q1ou8c	e30:1vxf7N:768BY0GyYxsIO0kmlVm1R4-OPO_zhaNqcRS1eb_gYKE	2026-03-04 12:19:57.253108+05:30
e1t2l03q4q4pjx4c3xujvijvtvf0wim2	.eJxVjDsOwjAQBe_iGlmOP_lQ0nMGa9e7JgbLQYlTIMTdSaQU0L6ZN2_hYa2jXxeefSJxFlacfjeE8OCyA7pDuU0yTKXOCeWuyIMu8joR58vh_gVGWMbtrchE7tFazQq1M5YcaBfRdtFSO_Q4tHpwnYkRsIWmIw1BWYhaoWmCMls05MSl-vp6so8pV563LuQsPl9V6kGc:1vxYBf:Y-Kod2ZRLMlP6gAHfVM01nj2E7JuevxsD8Y2R63960o	2026-03-04 04:55:55.61056+05:30
n069hao2a3tc8rk34ha28gd5hsahrabp	.eJxVjDsOwjAQBe_iGlmOP_lQ0nMGa9e7JgbLQYlTIMTdSaQU0L6ZN2_hYa2jXxeefSJxFlacfjeE8OCyA7pDuU0yTKXOCeWuyIMu8joR58vh_gVGWMbtrchE7tFazQq1M5YcaBfRdtFSO_Q4tHpwnYkRsIWmIw1BWYhaoWmCMls05MSl-vp6so8pV563LuQsPl9V6kGc:1vyQ29:whXXczvPGWdzNV3plKKCl69ckr_CoexoPNLHmShRm9E	2026-03-06 14:25:41.03173+05:30
dj90ot9m3nj8krbtcmp59dtanee2g7bt	e30:1vxgHu:tnST1oPeBGn3EhXlsWHLGj6b6AbmQFKuW-yxSmifiIc	2026-03-04 13:34:54.086306+05:30
myq20w8knk8mb4rc6bhifgrcqmv6fy4o	.eJxVjDsOwjAQBe_iGlmOP_lQ0nMGa9e7JgbLQYlTIMTdSaQU0L6ZN2_hYa2jXxeefSJxFlacfjeE8OCyA7pDuU0yTKXOCeWuyIMu8joR58vh_gVGWMbtrchE7tFazQq1M5YcaBfRdtFSO_Q4tHpwnYkRsIWmIw1BWYhaoWmCMls05MSl-vp6so8pV563LuQsPl9V6kGc:1vy7C9:OuiZytR1iZ7udZsLrS7CyCOFX0R-_9CY5XgQGTDbC7Q	2026-03-05 18:18:45.533193+05:30
gegew2yeja91b5z3licx4pqj2p6j1vg4	.eJxVjDsOwjAQBe_iGlmOP_lQ0nMGa9e7JgbLQYlTIMTdSaQU0L6ZN2_hYa2jXxeefSJxFlacfjeE8OCyA7pDuU0yTKXOCeWuyIMu8joR58vh_gVGWMbtrchE7tFazQq1M5YcaBfRdtFSO_Q4tHpwnYkRsIWmIw1BWYhaoWmCMls05MSl-vp6so8pV563LuQsPl9V6kGc:1vyDVq:XKjBqEjO5AfTiJvHI7X5Jrt3yZZMa13Pr2zuDEP3pFU	2026-03-06 01:03:30.635422+05:30
zwje6cc8qr22fnfrtaxaunzbvum0b376	e30:1vxgKc:-xJ6H6L-614DYMiCOnMpDWyPYTfnLtqBlcyQmSqKLyo	2026-03-04 13:37:42.314138+05:30
iohvxqjl8jtfzo0d8mxi8gmhkz4ekppm	e30:1vy3sY:RiPpHuykHP0YQkOt1uwEr6syL7JurWSLVqRbZcRY4AA	2026-03-05 14:46:18.808887+05:30
hqjgyigmgh2jqo4y5ecxn4zfygfw24nn	e30:1vy3sz:MlCqCRVgZvhIPe7sqZHO2Mm7XJUte6SbBkA9_blg_FY	2026-03-05 14:46:45.099942+05:30
tsgmcoa83x0aibuis9eqev9mnierve5j	.eJxVjEEOwiAQRe_C2hAKAxSX7j0DmWFAqoYmpV0Z765NutDtf-_9l4i4rTVuPS9xYnEWIE6_G2F65LYDvmO7zTLNbV0mkrsiD9rldeb8vBzu30HFXr-1YlPySAA6K9LWAFvUthD4AuzCSMHpYL0pBcnh4FljUoBFKzJDUka8P-gqN_A:1vyRHF:AdePzzctoV6ax2J23vktTxyfWbXkNKkeJ6Bixp8cjqo	2026-03-06 15:45:21.869956+05:30
rilvqslpbngddkdc5t5oap8okmyvc3bi	e30:1vyPU9:scxwWn5Kb4nJVj5mXgQD05rA5Q00gVbcy-eoIAMe5MM	2026-03-06 13:50:33.964774+05:30
a4p4at4kf8bzeuv9lbvz5mz1wqpxt2o9	e30:1vyPUm:B9VpgCOatBnmzl6s5QB7bTqKHexdY2cIntgFbPSj_dc	2026-03-06 13:51:12.65094+05:30
\.


--
-- Name: auth_group_id_seq; Type: SEQUENCE SET; Schema: public; Owner: -
--

SELECT pg_catalog.setval('public.auth_group_id_seq', 1, false);


--
-- Name: auth_group_permissions_id_seq; Type: SEQUENCE SET; Schema: public; Owner: -
--

SELECT pg_catalog.setval('public.auth_group_permissions_id_seq', 1, false);


--
-- Name: auth_permission_id_seq; Type: SEQUENCE SET; Schema: public; Owner: -
--

SELECT pg_catalog.setval('public.auth_permission_id_seq', 68, true);


--
-- Name: auth_user_groups_id_seq; Type: SEQUENCE SET; Schema: public; Owner: -
--

SELECT pg_catalog.setval('public.auth_user_groups_id_seq', 1, false);


--
-- Name: auth_user_id_seq; Type: SEQUENCE SET; Schema: public; Owner: -
--

SELECT pg_catalog.setval('public.auth_user_id_seq', 4, true);


--
-- Name: auth_user_user_permissions_id_seq; Type: SEQUENCE SET; Schema: public; Owner: -
--

SELECT pg_catalog.setval('public.auth_user_user_permissions_id_seq', 1, false);


--
-- Name: core_client_id_seq; Type: SEQUENCE SET; Schema: public; Owner: -
--

SELECT pg_catalog.setval('public.core_client_id_seq', 26, true);


--
-- Name: core_clientexchangeaccount_id_seq; Type: SEQUENCE SET; Schema: public; Owner: -
--

SELECT pg_catalog.setval('public.core_clientexchangeaccount_id_seq', 60, true);


--
-- Name: core_emailotp_id_seq; Type: SEQUENCE SET; Schema: public; Owner: -
--

SELECT pg_catalog.setval('public.core_emailotp_id_seq', 1, false);


--
-- Name: core_exchange_id_seq; Type: SEQUENCE SET; Schema: public; Owner: -
--

SELECT pg_catalog.setval('public.core_exchange_id_seq', 2, true);


--
-- Name: core_mobilelog_id_seq; Type: SEQUENCE SET; Schema: public; Owner: -
--

SELECT pg_catalog.setval('public.core_mobilelog_id_seq', 1, false);


--
-- Name: core_pendingpaymenttransaction_id_seq; Type: SEQUENCE SET; Schema: public; Owner: -
--

SELECT pg_catalog.setval('public.core_pendingpaymenttransaction_id_seq', 116, true);


--
-- Name: core_settlement_id_seq; Type: SEQUENCE SET; Schema: public; Owner: -
--

SELECT pg_catalog.setval('public.core_settlement_id_seq', 80, true);


--
-- Name: core_transaction_id_seq; Type: SEQUENCE SET; Schema: public; Owner: -
--

SELECT pg_catalog.setval('public.core_transaction_id_seq', 279, true);


--
-- Name: django_admin_log_id_seq; Type: SEQUENCE SET; Schema: public; Owner: -
--

SELECT pg_catalog.setval('public.django_admin_log_id_seq', 1, false);


--
-- Name: django_content_type_id_seq; Type: SEQUENCE SET; Schema: public; Owner: -
--

SELECT pg_catalog.setval('public.django_content_type_id_seq', 17, true);


--
-- Name: django_migrations_id_seq; Type: SEQUENCE SET; Schema: public; Owner: -
--

SELECT pg_catalog.setval('public.django_migrations_id_seq', 47, true);


--
-- Name: auth_group auth_group_name_key; Type: CONSTRAINT; Schema: public; Owner: -
--

ALTER TABLE ONLY public.auth_group
    ADD CONSTRAINT auth_group_name_key UNIQUE (name);


--
-- Name: auth_group_permissions auth_group_permissions_group_id_permission_id_0cd325b0_uniq; Type: CONSTRAINT; Schema: public; Owner: -
--

ALTER TABLE ONLY public.auth_group_permissions
    ADD CONSTRAINT auth_group_permissions_group_id_permission_id_0cd325b0_uniq UNIQUE (group_id, permission_id);


--
-- Name: auth_group_permissions auth_group_permissions_pkey; Type: CONSTRAINT; Schema: public; Owner: -
--

ALTER TABLE ONLY public.auth_group_permissions
    ADD CONSTRAINT auth_group_permissions_pkey PRIMARY KEY (id);


--
-- Name: auth_group auth_group_pkey; Type: CONSTRAINT; Schema: public; Owner: -
--

ALTER TABLE ONLY public.auth_group
    ADD CONSTRAINT auth_group_pkey PRIMARY KEY (id);


--
-- Name: auth_permission auth_permission_content_type_id_codename_01ab375a_uniq; Type: CONSTRAINT; Schema: public; Owner: -
--

ALTER TABLE ONLY public.auth_permission
    ADD CONSTRAINT auth_permission_content_type_id_codename_01ab375a_uniq UNIQUE (content_type_id, codename);


--
-- Name: auth_permission auth_permission_pkey; Type: CONSTRAINT; Schema: public; Owner: -
--

ALTER TABLE ONLY public.auth_permission
    ADD CONSTRAINT auth_permission_pkey PRIMARY KEY (id);


--
-- Name: auth_user_groups auth_user_groups_customuser_id_group_id_3c656da4_uniq; Type: CONSTRAINT; Schema: public; Owner: -
--

ALTER TABLE ONLY public.auth_user_groups
    ADD CONSTRAINT auth_user_groups_customuser_id_group_id_3c656da4_uniq UNIQUE (customuser_id, group_id);


--
-- Name: auth_user_groups auth_user_groups_pkey; Type: CONSTRAINT; Schema: public; Owner: -
--

ALTER TABLE ONLY public.auth_user_groups
    ADD CONSTRAINT auth_user_groups_pkey PRIMARY KEY (id);


--
-- Name: auth_user auth_user_pkey; Type: CONSTRAINT; Schema: public; Owner: -
--

ALTER TABLE ONLY public.auth_user
    ADD CONSTRAINT auth_user_pkey PRIMARY KEY (id);


--
-- Name: auth_user_user_permissions auth_user_user_permissio_customuser_id_permission_f01ff6bf_uniq; Type: CONSTRAINT; Schema: public; Owner: -
--

ALTER TABLE ONLY public.auth_user_user_permissions
    ADD CONSTRAINT auth_user_user_permissio_customuser_id_permission_f01ff6bf_uniq UNIQUE (customuser_id, permission_id);


--
-- Name: auth_user_user_permissions auth_user_user_permissions_pkey; Type: CONSTRAINT; Schema: public; Owner: -
--

ALTER TABLE ONLY public.auth_user_user_permissions
    ADD CONSTRAINT auth_user_user_permissions_pkey PRIMARY KEY (id);


--
-- Name: auth_user auth_user_username_key; Type: CONSTRAINT; Schema: public; Owner: -
--

ALTER TABLE ONLY public.auth_user
    ADD CONSTRAINT auth_user_username_key UNIQUE (username);


--
-- Name: authtoken_token authtoken_token_pkey; Type: CONSTRAINT; Schema: public; Owner: -
--

ALTER TABLE ONLY public.authtoken_token
    ADD CONSTRAINT authtoken_token_pkey PRIMARY KEY (key);


--
-- Name: authtoken_token authtoken_token_user_id_key; Type: CONSTRAINT; Schema: public; Owner: -
--

ALTER TABLE ONLY public.authtoken_token
    ADD CONSTRAINT authtoken_token_user_id_key UNIQUE (user_id);


--
-- Name: core_client core_client_code_key; Type: CONSTRAINT; Schema: public; Owner: -
--

ALTER TABLE ONLY public.core_client
    ADD CONSTRAINT core_client_code_key UNIQUE (code);


--
-- Name: core_client core_client_pkey; Type: CONSTRAINT; Schema: public; Owner: -
--

ALTER TABLE ONLY public.core_client
    ADD CONSTRAINT core_client_pkey PRIMARY KEY (id);


--
-- Name: core_clientexchangeaccount core_clientexchangeaccount_pkey; Type: CONSTRAINT; Schema: public; Owner: -
--

ALTER TABLE ONLY public.core_clientexchangeaccount
    ADD CONSTRAINT core_clientexchangeaccount_pkey PRIMARY KEY (id);


--
-- Name: core_emailotp core_emailotp_email_key; Type: CONSTRAINT; Schema: public; Owner: -
--

ALTER TABLE ONLY public.core_emailotp
    ADD CONSTRAINT core_emailotp_email_key UNIQUE (email);


--
-- Name: core_emailotp core_emailotp_pkey; Type: CONSTRAINT; Schema: public; Owner: -
--

ALTER TABLE ONLY public.core_emailotp
    ADD CONSTRAINT core_emailotp_pkey PRIMARY KEY (id);


--
-- Name: core_exchange core_exchange_code_key; Type: CONSTRAINT; Schema: public; Owner: -
--

ALTER TABLE ONLY public.core_exchange
    ADD CONSTRAINT core_exchange_code_key UNIQUE (code);


--
-- Name: core_exchange core_exchange_pkey; Type: CONSTRAINT; Schema: public; Owner: -
--

ALTER TABLE ONLY public.core_exchange
    ADD CONSTRAINT core_exchange_pkey PRIMARY KEY (id);


--
-- Name: core_mobilelog core_mobilelog_pkey; Type: CONSTRAINT; Schema: public; Owner: -
--

ALTER TABLE ONLY public.core_mobilelog
    ADD CONSTRAINT core_mobilelog_pkey PRIMARY KEY (id);


--
-- Name: core_pendingpaymenttransaction core_pendingpaymenttransaction_pkey; Type: CONSTRAINT; Schema: public; Owner: -
--

ALTER TABLE ONLY public.core_pendingpaymenttransaction
    ADD CONSTRAINT core_pendingpaymenttransaction_pkey PRIMARY KEY (id);


--
-- Name: core_settlement core_settlement_pkey; Type: CONSTRAINT; Schema: public; Owner: -
--

ALTER TABLE ONLY public.core_settlement
    ADD CONSTRAINT core_settlement_pkey PRIMARY KEY (id);


--
-- Name: core_transaction core_transaction_pkey; Type: CONSTRAINT; Schema: public; Owner: -
--

ALTER TABLE ONLY public.core_transaction
    ADD CONSTRAINT core_transaction_pkey PRIMARY KEY (id);


--
-- Name: django_admin_log django_admin_log_pkey; Type: CONSTRAINT; Schema: public; Owner: -
--

ALTER TABLE ONLY public.django_admin_log
    ADD CONSTRAINT django_admin_log_pkey PRIMARY KEY (id);


--
-- Name: django_content_type django_content_type_app_label_model_76bd3d3b_uniq; Type: CONSTRAINT; Schema: public; Owner: -
--

ALTER TABLE ONLY public.django_content_type
    ADD CONSTRAINT django_content_type_app_label_model_76bd3d3b_uniq UNIQUE (app_label, model);


--
-- Name: django_content_type django_content_type_pkey; Type: CONSTRAINT; Schema: public; Owner: -
--

ALTER TABLE ONLY public.django_content_type
    ADD CONSTRAINT django_content_type_pkey PRIMARY KEY (id);


--
-- Name: django_migrations django_migrations_pkey; Type: CONSTRAINT; Schema: public; Owner: -
--

ALTER TABLE ONLY public.django_migrations
    ADD CONSTRAINT django_migrations_pkey PRIMARY KEY (id);


--
-- Name: django_session django_session_pkey; Type: CONSTRAINT; Schema: public; Owner: -
--

ALTER TABLE ONLY public.django_session
    ADD CONSTRAINT django_session_pkey PRIMARY KEY (session_key);


--
-- Name: auth_group_name_a6ea08ec_like; Type: INDEX; Schema: public; Owner: -
--

CREATE INDEX auth_group_name_a6ea08ec_like ON public.auth_group USING btree (name varchar_pattern_ops);


--
-- Name: auth_group_permissions_group_id_b120cbf9; Type: INDEX; Schema: public; Owner: -
--

CREATE INDEX auth_group_permissions_group_id_b120cbf9 ON public.auth_group_permissions USING btree (group_id);


--
-- Name: auth_group_permissions_permission_id_84c5c92e; Type: INDEX; Schema: public; Owner: -
--

CREATE INDEX auth_group_permissions_permission_id_84c5c92e ON public.auth_group_permissions USING btree (permission_id);


--
-- Name: auth_permission_content_type_id_2f476e4b; Type: INDEX; Schema: public; Owner: -
--

CREATE INDEX auth_permission_content_type_id_2f476e4b ON public.auth_permission USING btree (content_type_id);


--
-- Name: auth_user_groups_customuser_id_62675d7c; Type: INDEX; Schema: public; Owner: -
--

CREATE INDEX auth_user_groups_customuser_id_62675d7c ON public.auth_user_groups USING btree (customuser_id);


--
-- Name: auth_user_groups_group_id_97559544; Type: INDEX; Schema: public; Owner: -
--

CREATE INDEX auth_user_groups_group_id_97559544 ON public.auth_user_groups USING btree (group_id);


--
-- Name: auth_user_user_permissions_customuser_id_843d9bac; Type: INDEX; Schema: public; Owner: -
--

CREATE INDEX auth_user_user_permissions_customuser_id_843d9bac ON public.auth_user_user_permissions USING btree (customuser_id);


--
-- Name: auth_user_user_permissions_permission_id_1fbb5f2c; Type: INDEX; Schema: public; Owner: -
--

CREATE INDEX auth_user_user_permissions_permission_id_1fbb5f2c ON public.auth_user_user_permissions USING btree (permission_id);


--
-- Name: auth_user_username_6821ab7c_like; Type: INDEX; Schema: public; Owner: -
--

CREATE INDEX auth_user_username_6821ab7c_like ON public.auth_user USING btree (username varchar_pattern_ops);


--
-- Name: authtoken_token_key_10f0b77e_like; Type: INDEX; Schema: public; Owner: -
--

CREATE INDEX authtoken_token_key_10f0b77e_like ON public.authtoken_token USING btree (key varchar_pattern_ops);


--
-- Name: core_client_code_e8c706bf_like; Type: INDEX; Schema: public; Owner: -
--

CREATE INDEX core_client_code_e8c706bf_like ON public.core_client USING btree (code varchar_pattern_ops);


--
-- Name: core_client_user_id_49f31882; Type: INDEX; Schema: public; Owner: -
--

CREATE INDEX core_client_user_id_49f31882 ON public.core_client USING btree (user_id);


--
-- Name: core_clientexchangeaccount_client_id_ed78aaba; Type: INDEX; Schema: public; Owner: -
--

CREATE INDEX core_clientexchangeaccount_client_id_ed78aaba ON public.core_clientexchangeaccount USING btree (client_id);


--
-- Name: core_clientexchangeaccount_exchange_id_03ed9667; Type: INDEX; Schema: public; Owner: -
--

CREATE INDEX core_clientexchangeaccount_exchange_id_03ed9667 ON public.core_clientexchangeaccount USING btree (exchange_id);


--
-- Name: core_emailo_email_45a4c6_idx; Type: INDEX; Schema: public; Owner: -
--

CREATE INDEX core_emailo_email_45a4c6_idx ON public.core_emailotp USING btree (email, otp_code);


--
-- Name: core_emailotp_email_20c81e6d_like; Type: INDEX; Schema: public; Owner: -
--

CREATE INDEX core_emailotp_email_20c81e6d_like ON public.core_emailotp USING btree (email varchar_pattern_ops);


--
-- Name: core_exchange_code_e74a0584_like; Type: INDEX; Schema: public; Owner: -
--

CREATE INDEX core_exchange_code_e74a0584_like ON public.core_exchange USING btree (code varchar_pattern_ops);


--
-- Name: core_mobile_created_445ab6_idx; Type: INDEX; Schema: public; Owner: -
--

CREATE INDEX core_mobile_created_445ab6_idx ON public.core_mobilelog USING btree (created_at DESC);


--
-- Name: core_mobile_level_0f4c35_idx; Type: INDEX; Schema: public; Owner: -
--

CREATE INDEX core_mobile_level_0f4c35_idx ON public.core_mobilelog USING btree (level);


--
-- Name: core_mobile_user_id_7402e2_idx; Type: INDEX; Schema: public; Owner: -
--

CREATE INDEX core_mobile_user_id_7402e2_idx ON public.core_mobilelog USING btree (user_id, created_at DESC);


--
-- Name: core_mobilelog_user_id_778d4f2a; Type: INDEX; Schema: public; Owner: -
--

CREATE INDEX core_mobilelog_user_id_778d4f2a ON public.core_mobilelog USING btree (user_id);


--
-- Name: core_pendingpaymenttransaction_client_exchange_id_61b265fa; Type: INDEX; Schema: public; Owner: -
--

CREATE INDEX core_pendingpaymenttransaction_client_exchange_id_61b265fa ON public.core_pendingpaymenttransaction USING btree (client_exchange_id);


--
-- Name: core_pendingpaymenttransaction_client_id_8ce23b77; Type: INDEX; Schema: public; Owner: -
--

CREATE INDEX core_pendingpaymenttransaction_client_id_8ce23b77 ON public.core_pendingpaymenttransaction USING btree (client_id);


--
-- Name: core_pendingpaymenttransaction_created_by_id_c9ca5348; Type: INDEX; Schema: public; Owner: -
--

CREATE INDEX core_pendingpaymenttransaction_created_by_id_c9ca5348 ON public.core_pendingpaymenttransaction USING btree (created_by_id);


--
-- Name: core_settlement_client_exchange_id_d89b6b38; Type: INDEX; Schema: public; Owner: -
--

CREATE INDEX core_settlement_client_exchange_id_d89b6b38 ON public.core_settlement USING btree (client_exchange_id);


--
-- Name: core_transa_client__35f186_idx; Type: INDEX; Schema: public; Owner: -
--

CREATE INDEX core_transa_client__35f186_idx ON public.core_transaction USING btree (client_exchange_id, created_at DESC);


--
-- Name: core_transaction_client_exchange_id_5aeb0715; Type: INDEX; Schema: public; Owner: -
--

CREATE INDEX core_transaction_client_exchange_id_5aeb0715 ON public.core_transaction USING btree (client_exchange_id);


--
-- Name: django_admin_log_content_type_id_c4bce8eb; Type: INDEX; Schema: public; Owner: -
--

CREATE INDEX django_admin_log_content_type_id_c4bce8eb ON public.django_admin_log USING btree (content_type_id);


--
-- Name: django_admin_log_user_id_c564eba6; Type: INDEX; Schema: public; Owner: -
--

CREATE INDEX django_admin_log_user_id_c564eba6 ON public.django_admin_log USING btree (user_id);


--
-- Name: django_session_expire_date_a5c62663; Type: INDEX; Schema: public; Owner: -
--

CREATE INDEX django_session_expire_date_a5c62663 ON public.django_session USING btree (expire_date);


--
-- Name: django_session_session_key_c0390e0f_like; Type: INDEX; Schema: public; Owner: -
--

CREATE INDEX django_session_session_key_c0390e0f_like ON public.django_session USING btree (session_key varchar_pattern_ops);


--
-- Name: unique_exchange_name_case_insensitive; Type: INDEX; Schema: public; Owner: -
--

CREATE UNIQUE INDEX unique_exchange_name_case_insensitive ON public.core_exchange USING btree (name) WHERE (name IS NOT NULL);


--
-- Name: auth_group_permissions auth_group_permissio_permission_id_84c5c92e_fk_auth_perm; Type: FK CONSTRAINT; Schema: public; Owner: -
--

ALTER TABLE ONLY public.auth_group_permissions
    ADD CONSTRAINT auth_group_permissio_permission_id_84c5c92e_fk_auth_perm FOREIGN KEY (permission_id) REFERENCES public.auth_permission(id) DEFERRABLE INITIALLY DEFERRED;


--
-- Name: auth_group_permissions auth_group_permissions_group_id_b120cbf9_fk_auth_group_id; Type: FK CONSTRAINT; Schema: public; Owner: -
--

ALTER TABLE ONLY public.auth_group_permissions
    ADD CONSTRAINT auth_group_permissions_group_id_b120cbf9_fk_auth_group_id FOREIGN KEY (group_id) REFERENCES public.auth_group(id) DEFERRABLE INITIALLY DEFERRED;


--
-- Name: auth_permission auth_permission_content_type_id_2f476e4b_fk_django_co; Type: FK CONSTRAINT; Schema: public; Owner: -
--

ALTER TABLE ONLY public.auth_permission
    ADD CONSTRAINT auth_permission_content_type_id_2f476e4b_fk_django_co FOREIGN KEY (content_type_id) REFERENCES public.django_content_type(id) DEFERRABLE INITIALLY DEFERRED;


--
-- Name: auth_user_groups auth_user_groups_customuser_id_62675d7c_fk_auth_user_id; Type: FK CONSTRAINT; Schema: public; Owner: -
--

ALTER TABLE ONLY public.auth_user_groups
    ADD CONSTRAINT auth_user_groups_customuser_id_62675d7c_fk_auth_user_id FOREIGN KEY (customuser_id) REFERENCES public.auth_user(id) DEFERRABLE INITIALLY DEFERRED;


--
-- Name: auth_user_groups auth_user_groups_group_id_97559544_fk_auth_group_id; Type: FK CONSTRAINT; Schema: public; Owner: -
--

ALTER TABLE ONLY public.auth_user_groups
    ADD CONSTRAINT auth_user_groups_group_id_97559544_fk_auth_group_id FOREIGN KEY (group_id) REFERENCES public.auth_group(id) DEFERRABLE INITIALLY DEFERRED;


--
-- Name: auth_user_user_permissions auth_user_user_permi_customuser_id_843d9bac_fk_auth_user; Type: FK CONSTRAINT; Schema: public; Owner: -
--

ALTER TABLE ONLY public.auth_user_user_permissions
    ADD CONSTRAINT auth_user_user_permi_customuser_id_843d9bac_fk_auth_user FOREIGN KEY (customuser_id) REFERENCES public.auth_user(id) DEFERRABLE INITIALLY DEFERRED;


--
-- Name: auth_user_user_permissions auth_user_user_permi_permission_id_1fbb5f2c_fk_auth_perm; Type: FK CONSTRAINT; Schema: public; Owner: -
--

ALTER TABLE ONLY public.auth_user_user_permissions
    ADD CONSTRAINT auth_user_user_permi_permission_id_1fbb5f2c_fk_auth_perm FOREIGN KEY (permission_id) REFERENCES public.auth_permission(id) DEFERRABLE INITIALLY DEFERRED;


--
-- Name: authtoken_token authtoken_token_user_id_35299eff_fk_auth_user_id; Type: FK CONSTRAINT; Schema: public; Owner: -
--

ALTER TABLE ONLY public.authtoken_token
    ADD CONSTRAINT authtoken_token_user_id_35299eff_fk_auth_user_id FOREIGN KEY (user_id) REFERENCES public.auth_user(id) DEFERRABLE INITIALLY DEFERRED;


--
-- Name: core_client core_client_user_id_49f31882_fk_auth_user_id; Type: FK CONSTRAINT; Schema: public; Owner: -
--

ALTER TABLE ONLY public.core_client
    ADD CONSTRAINT core_client_user_id_49f31882_fk_auth_user_id FOREIGN KEY (user_id) REFERENCES public.auth_user(id) DEFERRABLE INITIALLY DEFERRED;


--
-- Name: core_clientexchangeaccount core_clientexchangea_exchange_id_03ed9667_fk_core_exch; Type: FK CONSTRAINT; Schema: public; Owner: -
--

ALTER TABLE ONLY public.core_clientexchangeaccount
    ADD CONSTRAINT core_clientexchangea_exchange_id_03ed9667_fk_core_exch FOREIGN KEY (exchange_id) REFERENCES public.core_exchange(id) DEFERRABLE INITIALLY DEFERRED;


--
-- Name: core_clientexchangeaccount core_clientexchangeaccount_client_id_ed78aaba_fk_core_client_id; Type: FK CONSTRAINT; Schema: public; Owner: -
--

ALTER TABLE ONLY public.core_clientexchangeaccount
    ADD CONSTRAINT core_clientexchangeaccount_client_id_ed78aaba_fk_core_client_id FOREIGN KEY (client_id) REFERENCES public.core_client(id) DEFERRABLE INITIALLY DEFERRED;


--
-- Name: core_mobilelog core_mobilelog_user_id_778d4f2a_fk_auth_user_id; Type: FK CONSTRAINT; Schema: public; Owner: -
--

ALTER TABLE ONLY public.core_mobilelog
    ADD CONSTRAINT core_mobilelog_user_id_778d4f2a_fk_auth_user_id FOREIGN KEY (user_id) REFERENCES public.auth_user(id) DEFERRABLE INITIALLY DEFERRED;


--
-- Name: core_pendingpaymenttransaction core_pendingpaymentt_client_exchange_id_61b265fa_fk_core_clie; Type: FK CONSTRAINT; Schema: public; Owner: -
--

ALTER TABLE ONLY public.core_pendingpaymenttransaction
    ADD CONSTRAINT core_pendingpaymentt_client_exchange_id_61b265fa_fk_core_clie FOREIGN KEY (client_exchange_id) REFERENCES public.core_clientexchangeaccount(id) DEFERRABLE INITIALLY DEFERRED;


--
-- Name: core_pendingpaymenttransaction core_pendingpaymentt_client_id_8ce23b77_fk_core_clie; Type: FK CONSTRAINT; Schema: public; Owner: -
--

ALTER TABLE ONLY public.core_pendingpaymenttransaction
    ADD CONSTRAINT core_pendingpaymentt_client_id_8ce23b77_fk_core_clie FOREIGN KEY (client_id) REFERENCES public.core_client(id) DEFERRABLE INITIALLY DEFERRED;


--
-- Name: core_pendingpaymenttransaction core_pendingpaymentt_created_by_id_c9ca5348_fk_auth_user; Type: FK CONSTRAINT; Schema: public; Owner: -
--

ALTER TABLE ONLY public.core_pendingpaymenttransaction
    ADD CONSTRAINT core_pendingpaymentt_created_by_id_c9ca5348_fk_auth_user FOREIGN KEY (created_by_id) REFERENCES public.auth_user(id) DEFERRABLE INITIALLY DEFERRED;


--
-- Name: core_settlement core_settlement_client_exchange_id_d89b6b38_fk_core_clie; Type: FK CONSTRAINT; Schema: public; Owner: -
--

ALTER TABLE ONLY public.core_settlement
    ADD CONSTRAINT core_settlement_client_exchange_id_d89b6b38_fk_core_clie FOREIGN KEY (client_exchange_id) REFERENCES public.core_clientexchangeaccount(id) DEFERRABLE INITIALLY DEFERRED;


--
-- Name: core_transaction core_transaction_client_exchange_id_5aeb0715_fk_core_clie; Type: FK CONSTRAINT; Schema: public; Owner: -
--

ALTER TABLE ONLY public.core_transaction
    ADD CONSTRAINT core_transaction_client_exchange_id_5aeb0715_fk_core_clie FOREIGN KEY (client_exchange_id) REFERENCES public.core_clientexchangeaccount(id) DEFERRABLE INITIALLY DEFERRED;


--
-- Name: django_admin_log django_admin_log_content_type_id_c4bce8eb_fk_django_co; Type: FK CONSTRAINT; Schema: public; Owner: -
--

ALTER TABLE ONLY public.django_admin_log
    ADD CONSTRAINT django_admin_log_content_type_id_c4bce8eb_fk_django_co FOREIGN KEY (content_type_id) REFERENCES public.django_content_type(id) DEFERRABLE INITIALLY DEFERRED;


--
-- Name: django_admin_log django_admin_log_user_id_c564eba6_fk_auth_user_id; Type: FK CONSTRAINT; Schema: public; Owner: -
--

ALTER TABLE ONLY public.django_admin_log
    ADD CONSTRAINT django_admin_log_user_id_c564eba6_fk_auth_user_id FOREIGN KEY (user_id) REFERENCES public.auth_user(id) DEFERRABLE INITIALLY DEFERRED;


--
-- PostgreSQL database dump complete
--

\unrestrict wQtR56ddycM5jGgJQcHnT2zQsldJnWit2jP3bLAWySiDM3rDe8WXQ2KfbH5UgbF

